Obs,HHMMSS,FTime,Photo,Cond,Ci,Trmmol,VpdL,Area,StmRat,BLCond,Tair,Tleaf,TBlk,CO2R,CO2S,H2OR,H2OS,RH_R,RH_S,Flow,PARi,PARo,Press,CsMch,HsMch,StableF,Status,Light,Foot,Group,number,UserIDs_in,Date,KEEP
1,10:25:08,1025.5,2.17,0.105,354,3.61,2.89,3,1,4.16,30.3,29.59,29.93,410.84,409.01,13.281,15.059,25.97,29.45,599.7,50,1592,84.77,5.13,-0.362,1,111115,shade,8,South,1,SS81,7/24/2021,Y
2,10:27:38,1175.5,5.34,0.0892,290,3.12,2.93,3,1,4.16,30.36,29.94,29.92,411.26,407.95,14.011,15.547,27.3,30.3,599.7,101,1596,84.77,5.33,-0.359,1,111115,shade,8,South,1,SS81,7/24/2021,Y
3,10:30:08,1325.5,6.21,0.0941,280,3.27,2.91,3,1,4.16,30.41,30.16,29.92,410.97,407.19,14.764,16.373,28.69,31.81,599.7,201,312,84.77,5.8,-0.365,1,111115,shade,8,South,1,SS81,7/24/2021,Y
4,10:32:39,1476.5,7.98,0.103,261,3.58,2.9,3,1,4.16,30.45,30.42,29.92,411.18,406.46,15.488,17.246,30.04,33.45,599.7,400,189,84.77,6.19,-0.371,1,111115,shade,8,South,1,SS81,7/24/2021,Y
5,10:35:10,1627.5,9.31,0.115,254,3.99,2.92,3,1,4.16,30.51,30.76,29.92,411.13,405.66,16.092,18.051,31.1,34.89,599.7,599,210,84.77,6.21,-0.395,1,111115,shade,8,South,1,SS81,7/24/2021,Y
6,10:37:40,1777.5,9.53,0.123,258,4.34,2.98,3,1,4.16,30.55,31.23,29.91,410.93,405.28,16.698,18.826,32.2,36.3,599.7,899,248,84.77,6.61,-0.403,1,111115,shade,8,South,1,SS81,7/24/2021,Y
7,10:40:10,1927.5,10.3,0.133,258,4.8,3.04,3,1,4.16,30.58,31.6,29.92,410.49,404.39,16.864,19.221,32.46,37,599.8,1199,193,84.77,6.4,-0.406,1,111115,shade,8,South,1,SS81,7/24/2021,Y
8,10:42:40,2077.5,10.5,0.139,260,5.23,3.17,3,1,4.16,30.61,32.1,29.92,410.58,404.29,16.722,19.287,32.12,37.05,599.8,1499,177,84.77,6.58,-0.412,1,111115,shade,8,South,1,SS81,7/24/2021,Y
9,10:45:09,2226.5,10.9,0.155,265,6.16,3.36,3,1,4.16,30.71,32.87,29.92,410.57,403.87,16.458,19.479,31.44,37.22,599.8,2000,184,84.77,6.37,-0.419,1,111115,shade,8,South,1,SS81,7/24/2021,Y
10,10:51:52,2629.5,1.87,0.0195,235,0.771,3.25,2.3,1,4.46,30.66,31.38,29.92,410.47,409.63,15.733,16.024,30.14,30.7,599.8,51,1812,84.77,6.4,-0.331,1,111115,light,8,South,1,LS81,7/24/2021,Y
11,10:54:20,2777.5,2.67,0.0194,170,0.77,3.26,2.3,1,4.46,30.67,31.37,29.93,410.5,409.36,15.569,15.86,29.82,30.37,599.8,101,1854,84.76,6.43,-0.322,1,111115,light,8,South,1,LS81,7/24/2021,Y
12,10:56:47,2924.5,4.16,0.0235,108,0.941,3.3,2.3,1,4.46,30.7,31.49,29.93,411.1,409.36,15.47,15.825,29.57,30.24,599.7,200,1878,84.76,6.66,-0.324,0.7,111115,light,8,South,1,LS81,7/24/2021,Y
13,10:59:15,3072.5,5.77,0.0296,79.4,1.21,3.37,2.3,1,4.46,30.77,31.8,29.93,411.35,408.94,15.425,15.883,29.36,30.23,599.8,400,1866,84.76,6.64,-0.325,1,111115,light,8,South,1,LS81,7/24/2021,Y
14,11:01:44,3221.5,5.26,0.0383,167,1.59,3.42,2.3,1,4.46,30.82,32.04,29.93,409.76,407.5,15.486,16.086,29.39,30.53,599.8,600,1822,84.76,7.02,-0.325,1,111115,light,8,South,1,LS81,7/24/2021,Y
15,11:04:12,3369.5,6.26,0.0476,175,2.01,3.47,2.3,1,4.46,30.85,32.28,29.94,409.93,407.22,15.508,16.264,29.38,30.82,599.8,900,1671,84.76,7.15,-0.317,1,111115,light,8,South,1,LS81,7/24/2021,Y
16,11:06:40,3517.5,7.14,0.0528,169,2.27,3.56,2.3,1,4.46,30.9,32.63,29.93,410.38,407.29,15.564,16.422,29.4,31.02,599.8,1199,1690,84.76,7.34,-0.316,0.7,111115,light,8,South,1,LS81,7/24/2021,Y
17,11:09:10,3667.5,7.34,0.0535,165,2.37,3.65,2.3,1,4.46,30.96,33,29.93,410.35,407.17,15.628,16.521,29.43,31.11,599.8,1499,1883,84.75,7.25,-0.325,1,111115,light,8,South,1,LS81,7/24/2021,Y
18,11:11:46,3823.5,7.21,0.0514,159,2.39,3.83,2.3,1,4.46,31.06,33.65,29.93,410.7,407.56,15.712,16.613,29.42,31.11,599.8,2000,1911,84.75,7.48,-0.322,1,111115,light,8,South,1,LS81,7/24/2021,Y
19,11:16:52,4129.5,2.36,0.309,376,8.46,2.4,2.4,1,4.42,30.61,28.99,29.92,409.55,407.22,15.801,19.123,30.35,36.73,599.8,49,139,84.75,7.13,-0.404,1,111115,shade,8,South,2,SS82,7/24/2021,Y
20,11:19:22,4279.5,4.89,0.258,356,7.28,2.44,2.4,1,4.42,30.5,28.96,29.92,409.42,406.28,15.665,18.525,30.28,35.81,599.7,100,138,84.75,6.73,-0.403,1,111115,shade,8,South,2,SS82,7/24/2021,Y
21,11:21:52,4429.5,7.72,0.252,336,7.22,2.48,2.4,1,4.42,30.48,29.09,29.93,409.57,405.31,15.605,18.441,30.2,35.69,599.7,199,138,84.74,6.7,-0.399,1,111115,shade,8,South,2,SS82,7/24/2021,Y
22,11:24:25,4582.5,10.9,0.262,316,7.68,2.54,2.4,1,4.42,30.52,29.44,29.93,409.4,403.81,15.663,18.68,30.24,36.07,599.8,399,131,84.74,6.48,-0.414,1,111115,shade,8,South,2,SS82,7/24/2021,Y
23,11:26:55,4732.5,14.1,0.28,300,8.3,2.58,2.4,1,4.42,30.58,29.75,29.93,409.69,402.7,15.846,19.103,30.49,36.76,599.8,598,125,84.74,6.26,-0.422,1,111115,shade,8,South,2,SS82,7/24/2021,Y
24,11:29:25,4882.5,14.5,0.301,302,9.1,2.64,2.4,1,4.42,30.62,30.21,29.92,409.63,402.35,16.157,19.726,31.01,37.86,599.7,900,130,84.74,6.66,-0.429,1,111115,shade,8,South,2,SS82,7/24/2021,Y
25,11:31:55,5032.5,15.8,0.322,300,9.93,2.7,2.4,1,4.42,30.67,30.64,29.93,409.64,401.71,16.395,20.287,31.38,38.83,599.8,1200,131,84.74,6.55,-0.442,1,111115,shade,8,South,2,SS82,7/24/2021,Y
26,11:34:25,5182.5,16.2,0.34,301,10.7,2.77,2.4,1,4.42,30.72,31.09,29.92,409.47,401.25,16.624,20.818,31.73,39.74,599.8,1500,117,84.73,6.76,-0.452,0.7,111115,shade,8,South,2,SS82,7/24/2021,Y
27,11:36:55,5332.5,17.3,0.36,299,11.8,2.89,2.4,1,4.42,30.75,31.74,29.92,409.41,400.62,16.785,21.41,31.97,40.78,599.7,2000,124,84.73,6.74,-0.462,1,111115,shade,8,South,2,SS82,7/24/2021,Y
28,11:42:02,5639.5,1.27,0.0198,284,0.819,3.4,2.1,1,4.55,30.99,32.35,29.93,410.48,409.92,17.113,17.395,32.15,32.68,599.7,50,1972,84.72,7.09,-0.331,1,111115,light,8,South,2,LS82,7/24/2021,Y
29,11:44:29,5786.5,2.82,0.0208,173,0.865,3.4,2.1,1,4.55,31.04,32.47,29.93,410.76,409.65,17.429,17.726,32.66,33.22,599.7,100,1981,84.72,7.34,-0.326,1,111115,light,8,South,2,LS82,7/24/2021,Y
30,11:46:56,5933.5,3.73,0.029,182,1.19,3.36,2.1,1,4.55,31.04,32.44,29.93,410.56,409.09,17.778,18.185,33.32,34.08,599.8,200,1965,84.72,7.29,-0.332,1,111115,light,8,South,2,LS82,7/24/2021,Y
31,11:49:25,6082.5,5.03,0.0358,163,1.49,3.41,2.1,1,4.55,31.12,32.78,29.92,410.45,408.47,18.081,18.593,33.72,34.68,599.8,400,1979,84.72,7.17,-0.341,1,111115,light,8,South,2,LS82,7/24/2021,Y
32,11:51:53,6230.5,5.42,0.0408,174,1.73,3.48,2.1,1,4.55,31.2,33.07,29.93,410.39,408.25,18.193,18.788,33.78,34.88,599.8,600,1991,84.72,7.36,-0.344,1,111115,light,8,South,2,LS82,7/24/2021,Y
33,11:54:21,6378.5,6.76,0.0426,133,1.85,3.57,2.1,1,4.55,31.24,33.44,29.92,410.53,407.9,18.295,18.932,33.88,35.06,599.8,901,2005,84.72,7.24,-0.344,1,111115,light,8,South,2,LS82,7/24/2021,Y
34,11:56:49,6526.5,5.97,0.046,178,2.05,3.66,2.1,1,4.55,31.31,33.75,29.93,410.37,407.98,18.325,19.029,33.82,35.12,599.8,1199,2030,84.72,7.5,-0.335,1,111115,light,8,South,2,LS82,7/24/2021,Y
35,11:59:17,6674.5,6.14,0.0479,179,2.21,3.78,2.1,1,4.55,31.39,34.2,29.92,410.59,408.12,18.376,19.133,33.75,35.15,599.8,1501,2018,84.72,7.79,-0.327,1,111115,light,8,South,2,LS82,7/24/2021,Y
36,12:01:45,6822.5,6.23,0.0493,181,2.38,3.95,2.1,1,4.55,31.47,34.79,29.94,410.53,408.01,18.459,19.275,33.74,35.23,599.8,1999,2048,84.71,7.91,-0.323,1,111115,light,8,South,2,LS82,7/24/2021,Y
37,12:07:18,7155.5,2.85,0.0986,340,3.6,3.04,1.7,1,4.73,31.1,31.79,29.93,410.51,409.28,18.798,19.799,35.1,36.96,599.8,50,181,84.71,7.19,-0.363,0.7,111115,shade,8,South,3,SS83,7/24/2021,Y
38,12:09:46,7303.5,5.13,0.0929,298,3.36,3.01,1.7,1,4.73,31.04,31.71,29.92,410.17,408.32,19.024,19.958,35.64,37.39,599.8,100,178,84.7,6.99,-0.37,1,111115,shade,8,South,3,SS83,7/24/2021,Y
39,12:12:14,7451.5,5.09,0.096,301,3.42,2.96,1.7,1,4.73,30.97,31.62,29.92,409.73,407.89,19.295,20.244,36.29,38.08,599.7,201,178,84.7,7.16,-0.375,1,111115,shade,8,South,3,SS83,7/24/2021,Y
40,12:14:42,7599.5,8.13,0.111,268,3.95,2.97,1.7,1,4.73,30.99,31.83,29.93,410,407.24,19.654,20.749,36.91,38.97,599.8,400,177,84.7,6.97,-0.386,1,111115,shade,8,South,3,SS83,7/24/2021,Y
41,12:17:10,7747.5,10.4,0.126,252,4.5,2.97,1.7,1,4.73,31.01,32.02,29.92,410.24,406.76,20.06,21.307,37.64,39.98,599.7,600,177,84.7,6.89,-0.392,1,111115,shade,8,South,3,SS83,7/24/2021,Y
42,12:19:40,7897.5,11.1,0.145,261,5.19,3,1.7,1,4.73,31.02,32.26,29.92,410.04,406.28,20.358,21.798,38.18,40.88,599.7,900,176,84.69,6.87,-0.411,1,111115,shade,8,South,3,SS83,7/24/2021,Y
43,12:22:09,8046.5,10.1,0.159,281,5.76,3.05,1.7,1,4.73,31.05,32.57,29.92,409.74,406.21,20.62,22.215,38.6,41.58,599.8,1200,176,84.69,7.03,-0.417,1,111115,shade,8,South,3,SS83,7/24/2021,Y
44,12:24:39,8196.5,10.6,0.172,283,6.29,3.08,1.7,1,4.73,31.04,32.79,29.92,409.69,405.96,20.816,22.559,38.99,42.26,599.8,1500,175,84.69,7.07,-0.426,1,111115,shade,8,South,3,SS83,7/24/2021,Y
45,12:27:09,8346.5,11.4,0.184,282,6.95,3.18,1.7,1,4.73,31.02,33.19,29.92,409.67,405.63,20.865,22.789,39.13,42.74,599.8,2000,174,84.68,6.74,-0.431,1,111115,shade,8,South,3,SS83,7/24/2021,Y
46,12:32:17,8654.5,2.56,0.171,365,4.93,2.44,3,1,4.16,30.98,30.85,29.92,410.29,408.01,21.57,23.975,40.54,45.06,599.8,50,2191,84.68,7.18,-0.447,1,111115,light,8,South,3,LS83,7/24/2021,Y
47,12:34:47,8804.5,5.36,0.153,331,4.52,2.49,3,1,4.16,31.02,31.1,29.92,410.27,406.67,21.924,24.132,41.11,45.25,599.7,100,2191,84.68,6.95,-0.44,1,111115,light,8,South,3,LS83,7/24/2021,Y
48,12:37:17,8954.5,8.29,0.149,296,4.39,2.49,3,1,4.16,31.03,31.26,29.91,410.2,405.16,22.574,24.714,42.3,46.31,599.8,200,2190,84.68,7.21,-0.443,1,111115,light,8,South,3,LS83,7/24/2021,Y
49,12:39:47,9104.5,10.6,0.154,274,4.5,2.47,3,1,4.16,31.04,31.54,29.91,410.27,404.06,23.632,25.823,44.26,48.37,599.8,401,2190,84.68,7.47,-0.45,1,111115,light,8,South,3,LS83,7/24/2021,Y
50,12:42:19,9256.5,12.1,0.165,266,4.68,2.39,3,1,4.16,31.07,31.85,29.92,409.76,402.77,25.403,27.679,47.48,51.74,599.8,599,2182,84.67,7.4,-0.468,1,111115,light,8,South,3,LS83,7/24/2021,Y
51,12:44:49,9406.5,13.8,0.18,260,5.01,2.35,3,1,4.16,31.1,32.27,29.91,410.3,402.37,27.136,29.567,50.64,55.18,599.8,899,2197,84.68,7.63,-0.487,1,111115,light,8,South,3,LS83,7/24/2021,Y
52,12:47:21,9558.5,13.7,0.196,270,5.51,2.38,3,1,4.16,31.21,32.88,29.92,409.44,401.5,28.545,31.217,52.95,57.9,599.8,1199,2194,84.67,7.82,-0.51,1,111115,light,8,South,3,LS83,7/24/2021,Y
53,12:49:51,9708.5,14.8,0.208,267,5.99,2.44,3,1,4.16,31.28,33.42,29.92,410.45,401.85,29.419,32.316,54.35,59.7,599.8,1498,2180,84.67,7.92,-0.526,1,111115,light,8,South,3,LS83,7/24/2021,Y
54,12:52:21,9858.5,14.3,0.211,272,6.34,2.54,3,1,4.16,31.3,34.15,29.91,410.55,402.14,30.605,33.666,56.48,62.13,599.8,2000,2178,84.67,8.24,-0.553,1,111115,light,8,South,3,LS83,7/24/2021,Y
55,12:59:42,10299.5,0.0589,0.0119,384,0.344,2.36,2.7,1,4.29,30.93,31.98,29.91,410.36,410.27,28.326,28.477,53.38,53.66,599.8,50,134,84.66,8.16,-0.433,1,111115,shade,6,South,1,SS61,7/24/2021,N
56,13:02:14,10451.5,0.509,0.011,318,0.329,2.44,2.7,1,4.29,30.86,31.84,29.92,410.36,410.07,26.965,27.109,51.02,51.29,599.8,100,133,84.66,8.19,-0.422,1,111115,shade,6,South,1,SS61,7/24/2021,N
57,13:04:41,10598.5,1.58,0.0184,255,0.568,2.52,2.7,1,4.29,30.84,31.87,29.92,410.16,409.35,26.014,26.263,49.27,49.74,599.8,199,134,84.66,7.94,-0.425,0.7,111115,shade,6,South,1,SS61,7/24/2021,N
58,13:07:09,10746.5,4.96,0.0428,205,1.34,2.57,2.7,1,4.29,30.82,31.97,29.92,409.77,407.3,25.373,25.961,48.12,49.23,599.8,401,136,84.66,6.95,-0.428,1,111115,shade,6,South,1,SS61,7/24/2021,N
59,13:09:37,10894.5,4.74,0.057,255,1.85,2.67,2.7,1,4.29,30.85,32.31,29.92,409.51,407.03,25.037,25.849,47.38,48.92,599.8,600,139,84.66,7.56,-0.439,1,111115,shade,6,South,1,SS61,7/24/2021,N
60,13:12:05,11042.5,5.35,0.0558,234,1.94,2.86,2.7,1,4.29,30.92,32.94,29.92,409.62,406.86,24.888,25.739,46.91,48.51,599.8,899,142,84.66,7.66,-0.429,1,111115,shade,6,South,1,SS61,7/24/2021,N
61,13:14:33,11190.5,4.14,0.0443,237,1.65,3.05,2.7,1,4.29,30.95,33.51,29.92,409.3,407.13,24.694,25.417,46.48,47.84,599.8,1200,132,84.65,7.46,-0.428,1,111115,shade,6,South,1,SS61,7/24/2021,N
62,13:17:01,11338.5,5.16,0.0416,188,1.64,3.21,2.7,1,4.29,30.97,34.02,29.92,409.36,406.73,24.508,25.226,46.06,47.41,599.8,1500,138,84.65,7.13,-0.421,1,111115,shade,6,South,1,SS61,7/24/2021,N
63,13:23:04,11701.5,2.12,0.181,371,4.94,2.31,2.9,1,4.2,31.17,31.26,29.92,410.37,408.37,24.473,26.795,45.47,49.79,599.8,50,1744,84.65,7.37,-0.463,0.7,111115,light,6,South,1,LS61,7/24/2021,Y
64,13:25:34,11851.5,4.88,0.167,342,4.67,2.36,2.9,1,4.2,31.17,31.41,29.92,410.33,407.05,24.471,26.671,45.46,49.55,599.8,101,1721,84.64,7.33,-0.453,1,111115,light,6,South,1,LS61,7/24/2021,Y
65,13:28:04,12001.5,7.68,0.159,309,4.58,2.43,2.9,1,4.2,31.2,31.62,29.92,410.25,405.64,24.396,26.552,45.25,49.25,599.8,199,1799,84.64,7.45,-0.459,1,111115,light,6,South,1,LS61,7/24/2021,Y
66,13:30:34,12151.5,10.1,0.161,284,4.82,2.52,2.9,1,4.2,31.22,31.99,29.92,410.33,404.48,24.377,26.645,45.17,49.37,599.8,400,1712,84.64,7.62,-0.456,1,111115,light,6,South,1,LS61,7/24/2021,Y
67,13:33:04,12301.5,12.5,0.17,265,5.16,2.55,2.9,1,4.2,31.2,32.18,29.92,410.36,403.3,24.398,26.824,45.26,49.77,599.8,600,1652,84.63,7.47,-0.461,1,111115,light,6,South,1,LS61,7/24/2021,Y
68,13:35:34,12451.5,14.3,0.191,261,5.92,2.62,2.9,1,4.2,31.21,32.56,29.92,410.28,402.22,24.473,27.26,45.37,50.54,599.8,900,1666,84.64,7.49,-0.469,1,111115,light,6,South,1,LS61,7/24/2021,Y
69,13:38:04,12601.5,14.6,0.205,265,6.56,2.72,2.9,1,4.2,31.25,33.03,29.92,410.11,401.76,24.604,27.69,45.5,51.21,599.8,1200,1647,84.64,7.61,-0.479,1,111115,light,6,South,1,LS61,7/24/2021,Y
70,13:40:34,12751.5,15.5,0.22,265,7.29,2.82,2.9,1,4.2,31.3,33.5,29.92,410.18,401.26,24.7,28.126,45.57,51.89,599.8,1500,1626,84.64,7.61,-0.486,1,111115,light,6,South,1,LS61,7/24/2021,Y
71,13:43:04,12901.5,15.8,0.237,269,8.4,3.02,2.9,1,4.2,31.39,34.38,29.92,410.1,400.84,24.851,28.796,45.59,52.83,599.8,1999,1589,84.64,7.81,-0.498,1,111115,light,6,South,1,LS61,7/24/2021,Y
72,13:47:35,13172.5,1.05,0.0784,368,2.42,2.55,2.1,1,4.55,31.09,31.89,29.91,409.5,408.79,25.133,25.959,46.91,48.45,599.8,50,169,84.64,7.58,-0.414,1,111115,shade,6,South,2,SS62,7/24/2021,Y
73,13:50:03,13320.5,3.35,0.0585,298,1.81,2.54,2.1,1,4.55,30.98,31.77,29.92,409.88,408.44,25.04,25.656,47.04,48.2,599.8,100,173,84.64,7.49,-0.407,1,111115,shade,6,South,2,SS62,7/24/2021,Y
74,13:52:31,13468.5,2.94,0.071,323,2.15,2.5,2.1,1,4.55,30.93,31.6,29.92,409.45,408.11,24.892,25.625,46.89,48.27,599.8,200,182,84.64,7.71,-0.415,1,111115,shade,6,South,2,SS62,7/24/2021,Y
75,13:54:59,13616.5,5.68,0.092,289,2.8,2.52,2.1,1,4.55,30.96,31.71,29.92,409.58,407.19,24.732,25.688,46.51,48.31,599.8,400,188,84.64,7.79,-0.419,0.7,111115,shade,6,South,2,SS62,7/24/2021,Y
76,13:57:27,13764.5,8.5,0.126,278,3.76,2.5,2.1,1,4.55,30.95,31.7,29.91,409.42,405.91,24.692,25.974,46.45,48.86,599.8,600,181,84.64,7.33,-0.426,1,111115,shade,6,South,2,SS62,7/24/2021,Y
77,13:59:57,13914.5,9.86,0.161,288,4.72,2.46,2.1,1,4.55,30.9,31.67,29.92,409.37,405.25,24.644,26.255,46.49,49.53,599.8,900,204,84.64,7.55,-0.431,1,111115,shade,6,South,2,SS62,7/24/2021,Y
78,14:02:27,14064.5,12.3,0.201,286,5.94,2.5,2.1,1,4.55,30.99,31.95,29.93,409.35,404.19,24.723,26.747,46.42,50.22,599.8,1200,228,84.64,7.03,-0.458,1,111115,shade,6,South,2,SS62,7/24/2021,Y
79,14:05:01,14218.5,14.4,0.235,284,7.04,2.55,2.1,1,4.55,31.08,32.31,29.92,409.43,403.4,24.911,27.309,46.51,50.99,599.8,1500,236,84.64,7.15,-0.464,0.7,111115,shade,6,South,2,SS62,7/24/2021,Y
80,14:07:31,14368.5,13.6,0.26,297,8.05,2.65,2.1,1,4.55,31.14,32.84,29.92,409.33,403.42,25.079,27.818,46.67,51.77,599.8,1999,238,84.64,7.45,-0.475,1,111115,shade,6,South,2,SS62,7/24/2021,Y
81,14:12:15,14652.5,2.25,0.216,373,5.75,2.27,2.4,1,4.42,30.96,31.26,29.92,409.85,408.01,25.088,27.325,47.17,51.38,599.8,50,843,84.64,7.42,-0.463,1,111115,light,6,South,2,LS62,7/24/2021,Y
82,14:14:45,14802.5,5.4,0.206,347,5.32,2.2,2.4,1,4.42,30.8,30.92,29.92,409.74,406.71,24.964,27.037,47.37,51.3,599.8,100,1039,84.64,7.26,-0.473,0.7,111115,light,6,South,2,LS62,7/24/2021,Y
83,14:17:15,14952.5,9.06,0.201,315,5.16,2.18,2.4,1,4.42,30.72,30.81,29.92,409.58,405.12,24.963,26.973,47.59,51.43,599.8,201,1105,84.64,6.91,-0.462,1,111115,light,6,South,2,LS62,7/24/2021,Y
84,14:19:45,15102.5,12.4,0.198,284,5.22,2.24,2.4,1,4.42,30.79,31.14,29.92,409.82,404.01,25.206,27.237,47.85,51.7,599.8,400,1731,84.64,6.97,-0.47,1,111115,light,6,South,2,LS62,7/24/2021,Y
85,14:22:16,15253.5,14.5,0.194,264,5.39,2.35,2.4,1,4.42,30.92,31.68,29.92,410.04,403.37,25.561,27.657,48.18,52.13,599.8,600,1533,84.64,7.02,-0.475,1,111115,light,6,South,2,LS62,7/24/2021,Y
86,14:24:46,15403.5,14.9,0.202,265,5.67,2.38,2.4,1,4.42,30.88,31.96,29.92,409.55,402.68,25.939,28.146,48.99,53.16,599.8,900,840,84.65,7.19,-0.479,1,111115,light,6,South,2,LS62,7/24/2021,Y
87,14:27:16,15553.5,15.5,0.223,270,6.21,2.38,2.4,1,4.42,30.78,32.03,29.91,409.44,402.24,26.017,28.432,49.42,54.01,599.8,1200,572,84.65,7.31,-0.484,1,111115,light,6,South,2,LS62,7/24/2021,Y
88,14:29:46,15703.5,16.5,0.242,271,6.83,2.41,2.4,1,4.42,30.73,32.15,29.92,408.94,401.26,25.737,28.392,49.06,54.12,599.8,1499,508,84.66,6.76,-0.501,1,111115,light,6,South,2,LS62,7/24/2021,Y
89,14:32:16,15853.5,17.9,0.265,270,7.67,2.49,2.4,1,4.42,30.61,32.36,29.92,408.75,400.36,25.224,28.206,48.4,54.12,599.8,2000,463,84.67,6.39,-0.51,1,111115,light,6,South,2,LS62,7/24/2021,Y
90,14:32:34,15871.5,17.9,0.267,272,7.68,2.47,2.4,1,4.42,30.59,32.29,29.92,409.37,400.98,25.164,28.151,48.36,54.1,599.8,2001,461,84.68,6.39,-0.51,0.7,111115,light,6,South,2,LS62,7/24/2021,Y
91,14:32:39,15877,17.6,0.268,274,7.67,2.46,2.4,1,4.42,30.58,32.26,29.92,409.37,401.11,25.149,28.133,48.36,54.09,599.8,2001,460,84.68,6.39,-0.51,0.7,111115,light,6,South,2,LS62,7/24/2021,Y
92,14:37:01,16138.5,2.53,0.215,375,4.48,1.78,2.2,1,4.51,30.12,28.87,29.92,409.73,408.14,24.501,26.1,48.36,51.51,599.7,51,195,84.67,5.26,-0.507,1,111115,shade,6,South,3,SS63,7/24/2021,Y
93,14:39:30,16287.5,5.61,0.204,348,4.25,1.78,2.2,1,4.51,30.02,28.7,29.92,409.46,406.77,24.193,25.713,48.04,51.06,599.7,101,236,84.67,4.95,-0.511,1,111115,shade,6,South,3,SS63,7/24/2021,Y
94,14:41:59,16436.5,9.08,0.208,320,4.42,1.81,2.2,1,4.51,30,28.81,29.92,409.43,405.44,24.001,25.581,47.7,50.84,599.7,200,235,84.67,4.75,-0.518,1,111115,shade,6,South,3,SS63,7/24/2021,Y
95,14:44:28,16585.5,13.1,0.219,291,4.77,1.86,2.2,1,4.51,29.98,29,29.92,409.44,403.92,23.773,25.478,47.31,50.7,599.7,401,221,84.68,4.34,-0.517,1,111115,shade,6,South,3,SS63,7/24/2021,Y
96,14:46:58,16735.5,14.6,0.236,287,5.28,1.92,2.2,1,4.51,30.01,29.29,29.92,409.43,403.3,23.755,25.641,47.21,50.95,599.7,600,195,84.69,4.55,-0.53,1,111115,shade,6,South,3,SS63,7/24/2021,Y
97,14:49:28,16885.5,16.3,0.262,285,6.07,2,2.2,1,4.51,30.05,29.7,29.92,409.53,402.66,23.691,25.859,46.97,51.27,599.7,899,205,84.69,4.41,-0.537,1,111115,shade,6,South,3,SS63,7/24/2021,Y
98,14:51:56,17033.5,17.4,0.287,286,6.86,2.07,2.2,1,4.51,30.05,30.03,29.92,409.35,401.96,23.536,25.986,46.64,51.5,599.7,1200,242,84.68,4.38,-0.541,1,111115,shade,6,South,3,SS63,7/24/2021,Y
99,14:51:58,17035.5,17.7,0.288,284,6.87,2.07,2.2,1,4.51,30.05,30.03,29.92,409.48,401.97,23.534,25.988,46.64,51.5,599.7,1200,243,84.68,4.38,-0.541,1,111115,shade,6,South,3,SS63,7/24/2021,Y
1,10:20:33,1302.5,1.06,0.0147,276,0.514,2.87,2.1,1,4.55,34.54,30.32,36.8,410.07,409.62,17.133,17.309,26.45,26.72,600.5,50,509,84.98,3.85,-0.535,1,111115,shade,8,North,1,NS81,8/5/2021,N
2,10:23:01,1450.5,0.357,0.00753,314,0.255,2.79,2.1,1,4.55,31.43,30.02,31.69,410.26,410.09,17.325,17.413,31.85,32.01,600.5,101,514,84.98,4.57,-0.503,1,111115,shade,8,North,1,NS81,8/5/2021,N
3,10:25:29,1599.5,0.893,0.0084,223,0.281,2.75,2.1,1,4.55,31.48,29.93,32.09,410.41,410.06,17.505,17.601,32.08,32.26,600.5,201,515,84.98,4.63,-0.499,1,111115,shade,8,North,1,NS81,8/5/2021,N
4,10:28:10,1760.5,0.352,0.00773,318,0.257,2.73,2.1,1,4.55,30.92,29.9,31.3,410.45,410.29,17.657,17.745,33.42,33.59,600.6,399,481,84.98,4.7,-0.495,1,111115,shade,8,North,1,NS81,8/5/2021,N
5,10:30:38,1908.5,-0.282,0.00855,441,0.283,2.72,2.1,1,4.55,30.3,29.92,30.52,410.6,410.65,17.792,17.889,34.88,35.07,600.5,600,506,84.97,4.89,-0.491,1,111115,shade,8,North,1,NS81,8/5/2021,N
6,10:33:05,2055.5,0.594,0.00938,290,0.308,2.7,2.1,1,4.55,29.6,29.88,29.73,410.5,410.25,17.939,18.044,36.61,36.83,600.5,899,499,84.97,4.74,-0.482,1,111115,shade,8,North,1,NS81,8/5/2021,N
7,10:41:04,2534.5,0.132,0.0385,384,1.19,2.55,2.4,1,4.42,32.48,29.89,33.84,409.8,409.55,19.294,19.76,33.41,34.22,600.5,50,525,84.96,5.28,-0.529,1,111115,light,8,North,1,LN81,8/5/2021,Y
8,10:43:32,2682.5,0.981,0.0193,310,0.599,2.55,2.4,1,4.42,32.11,30.07,33.06,409.83,409.34,20.09,20.325,35.52,35.93,600.5,100,1083,84.96,5.39,-0.53,1,111115,light,8,North,1,LN81,8/5/2021,Y
9,10:45:59,2829.5,1.63,0.021,268,0.633,2.48,2.4,1,4.42,31.7,30.08,32.47,409.78,409.02,20.876,21.124,37.78,38.23,600.5,200,1253,84.96,5.4,-0.536,1,111115,light,8,North,1,LN81,8/5/2021,Y
10,10:48:26,2976.5,2.83,0.0243,207,0.71,2.41,2.4,1,4.42,31.14,30.02,31.68,409.83,408.58,21.61,21.887,40.37,40.89,600.6,400,1285,84.96,5.32,-0.552,1,111115,light,8,North,1,LN81,8/5/2021,Y
11,10:50:53,3123.5,4.24,0.0334,191,0.939,2.32,2.4,1,4.42,30.56,29.94,30.9,410,408.15,22.343,22.71,43.16,43.87,600.5,599,1288,84.96,5.47,-0.557,1,111115,light,8,North,1,LN81,8/5/2021,Y
12,10:53:21,3271.5,7.59,0.0567,177,1.53,2.24,2.4,1,4.42,30.22,29.93,30.51,410.08,406.8,23.032,23.628,45.36,46.53,600.6,899,1306,84.96,5.19,-0.577,0.7,111115,light,8,North,1,LN81,8/5/2021,Y
13,10:55:49,3419.5,9.5,0.0957,231,2.47,2.15,2.4,1,4.42,29.89,29.92,30.11,410.1,405.9,23.624,24.585,47.41,49.34,600.6,1199,985,84.96,5.46,-0.578,1,111115,light,8,North,1,LN81,8/5/2021,Y
14,10:58:17,3567.5,11.8,0.137,250,3.43,2.1,2.4,1,4.42,29.26,29.92,29.13,410.36,405.08,23.803,25.14,49.53,52.31,600.6,1499,811,84.96,5.6,-0.588,1,111115,light,8,North,1,LN81,8/5/2021,Y
15,11:00:47,3717.5,13.9,0.19,269,4.67,2.1,2.4,1,4.42,28.51,29.89,28.16,410.18,403.89,23.324,25.142,50.7,54.65,600.6,1999,1144,84.96,5.6,-0.578,1,111115,light,8,North,1,LN81,8/5/2021,Y
16,11:07:09,4099.5,3.67,0.0498,274,1.38,2.29,1.8,1,4.68,30.13,29.88,29.47,409.71,408.44,22.419,22.823,44.36,45.16,600.6,51,575,84.95,5.39,-0.569,0.7,111115,shade,8,North,2,SN82,8/5/2021,Y
17,11:09:36,4246.5,2.07,0.0446,317,1.26,2.34,1.8,1,4.68,31.08,29.96,31.49,409.54,408.77,22.129,22.499,41.48,42.17,600.6,100,224,84.95,6.08,-0.535,1,111115,shade,8,North,2,SN82,8/5/2021,Y
18,11:12:04,4394.5,3.43,0.0441,267,1.27,2.38,1.8,1,4.68,31.04,30.03,31.29,409.94,408.75,21.831,22.204,41.01,41.71,600.6,201,224,84.95,6.3,-0.53,1,111115,shade,8,North,2,SN82,8/5/2021,Y
19,11:14:33,4543.5,5.18,0.0583,249,1.66,2.37,1.8,1,4.68,30.5,29.92,30.51,409.76,408,21.571,22.059,41.79,42.74,600.6,401,222,84.95,6.32,-0.518,1,111115,shade,8,North,2,SN82,8/5/2021,Y
20,11:17:06,4696.5,7.2,0.095,268,2.69,2.37,1.8,1,4.68,30.94,29.94,31.29,409.77,407.29,21.319,22.109,40.29,41.78,600.6,600,211,84.95,6.45,-0.527,1,111115,shade,8,North,2,SN82,8/5/2021,Y
21,11:19:35,4845.5,12.2,0.187,283,5.08,2.31,1.8,1,4.68,30.91,29.87,31.29,409.95,405.69,21.075,22.563,39.88,42.69,600.6,900,221,84.95,6.27,-0.541,1,111115,shade,8,North,2,SN82,8/5/2021,Y
22,11:22:04,4994.5,13.5,0.241,296,6.52,2.33,1.8,1,4.68,30.74,30.02,30.9,410.15,405.31,20.881,22.791,39.9,43.55,600.6,1199,219,84.94,6.47,-0.542,1,111115,shade,8,North,2,SN82,8/5/2021,Y
23,11:24:35,5145.5,13.7,0.278,306,7.45,2.33,1.8,1,4.68,30.09,30.06,29.92,410.07,405.08,20.764,22.945,41.19,45.51,600.6,1500,218,84.94,6.47,-0.544,1,111115,shade,8,North,2,SN82,8/5/2021,Y
24,11:27:05,5295.5,14.5,0.309,310,8.1,2.29,1.8,1,4.68,28.97,29.95,28.36,410.18,404.87,20.707,23.078,43.81,48.83,600.6,2000,202,84.94,6.41,-0.545,1,111115,shade,8,North,2,SN82,8/5/2021,Y
25,11:32:34,5624.5,1.03,0.253,385,6.85,2.34,1.7,1,4.73,33.33,29.88,34.23,410.59,409.5,20.368,22.265,33.62,36.75,600.6,51,1457,84.94,6.95,-0.521,1,111115,light,8,North,2,LN82,8/5/2021,Y
26,11:35:04,5774.5,3.95,0.235,363,6.56,2.4,1.7,1,4.73,32.19,30.05,32.26,410.62,408.75,20.275,22.092,35.68,38.87,600.6,101,1535,84.93,7.6,-0.482,1,111115,light,8,North,2,LN82,8/5/2021,Y
27,11:37:34,5924.5,7.95,0.234,334,6.42,2.36,1.7,1,4.73,31.53,29.85,31.48,410.87,407.88,20.207,21.985,36.92,40.17,600.6,200,1496,84.93,7.8,-0.471,1,111115,light,8,North,2,LN82,8/5/2021,Y
28,11:40:04,6074.5,12.4,0.237,303,6.58,2.39,1.7,1,4.73,31.41,29.96,31.29,411.05,406.78,20.149,21.97,37.05,40.4,600.6,399,1504,84.92,7.74,-0.481,1,111115,light,8,North,2,LN82,8/5/2021,Y
29,11:42:34,6224.5,15.5,0.245,284,6.85,2.41,1.7,1,4.73,31.01,30.08,30.71,411.01,405.84,20.106,22.002,37.83,41.39,600.6,600,1559,84.92,7.64,-0.472,1,111115,light,8,North,2,LN82,8/5/2021,Y
30,11:45:05,6375.5,16.2,0.254,283,7.04,2.39,1.7,1,4.73,29.87,29.98,29.14,411.01,405.63,20.073,22.021,40.3,44.21,600.6,901,1547,84.91,7.75,-0.472,1,111115,light,8,North,2,LN82,8/5/2021,Y
31,11:47:35,6525.5,17.3,0.269,281,7.41,2.38,1.7,1,4.73,29.38,29.99,28.56,410.87,405.12,20.037,22.087,41.39,45.63,600.6,1200,1548,84.91,7.79,-0.459,1,111115,light,8,North,2,LN82,8/5/2021,Y
32,11:50:05,6675.5,17.5,0.284,286,7.69,2.35,1.7,1,4.73,28.34,29.89,27.18,411.08,405.25,20.057,22.185,43.99,48.65,600.7,1501,1565,84.91,7.78,-0.453,0.7,111115,light,8,North,2,LN82,8/5/2021,Y
33,11:52:35,6825.5,18.2,0.311,290,8.51,2.39,1.7,1,4.73,27.36,30.14,25.67,411.01,404.88,20.095,22.45,46.66,52.13,600.6,2000,1581,84.91,7.9,-0.461,1,111115,light,8,North,2,LN82,8/5/2021,Y
34,11:58:04,7154.5,1.36,0.272,382,7.21,2.29,1.6,1,4.77,32.66,29.66,33.64,409.34,408.19,20.328,22.206,34.83,38.05,600.6,51,239,84.9,7.01,-0.521,1,111115,shade,8,North,3,SN83,8/5/2021,Y
35,12:00:34,7304.5,4.63,0.24,357,6.71,2.4,1.6,1,4.77,32.03,30.09,32.26,409.32,407.35,20.373,22.122,36.16,39.27,600.6,101,239,84.9,7.02,-0.529,1,111115,shade,8,North,3,SN83,8/5/2021,Y
36,12:03:05,7455.5,6.84,0.224,338,6.23,2.39,1.6,1,4.77,31.72,29.98,32.07,409.01,406.51,20.419,22.042,36.88,39.81,600.6,201,238,84.9,6.94,-0.506,0.7,111115,shade,8,North,3,SN83,8/5/2021,Y
37,12:05:34,7604.5,11.6,0.219,301,6.08,2.38,1.6,1,4.77,31.14,29.94,31.29,409.42,405.68,20.435,22.018,38.15,41.1,600.6,401,237,84.89,6.68,-0.516,1,111115,shade,8,North,3,SN83,8/5/2021,Y
38,12:08:03,7753.5,13.1,0.234,295,6.43,2.36,1.6,1,4.77,30.68,29.92,30.7,409.18,404.98,20.486,22.161,39.25,42.46,600.6,599,238,84.89,6.47,-0.519,1,111115,shade,8,North,3,SN83,8/5/2021,Y
39,12:10:36,7906.5,12.8,0.242,300,6.63,2.36,1.6,1,4.77,30.57,29.94,30.71,409.2,405.07,20.485,22.213,39.5,42.84,600.6,899,237,84.89,6.62,-0.528,1,111115,shade,8,North,3,SN83,8/5/2021,Y
40,12:13:06,8056.5,14.3,0.261,297,7.09,2.35,1.6,1,4.77,29.48,29.93,29.14,409.24,404.66,20.509,22.357,42.11,45.9,600.6,1200,237,84.88,6.51,-0.519,1,111115,shade,8,North,3,SN83,8/5/2021,Y
41,12:15:37,8207.5,15,0.274,297,7.36,2.32,1.6,1,4.77,28.91,29.87,28.55,409.73,404.94,20.52,22.437,43.52,47.59,600.6,1499,250,84.88,6.18,-0.516,0.7,111115,shade,8,North,3,SN83,8/5/2021,Y
42,12:18:07,8357.5,14.6,0.307,309,8.09,2.3,1.6,1,4.77,28.19,29.8,27.78,409.5,404.75,20.46,22.567,45.25,49.91,600.6,2000,250,84.87,5.98,-0.509,1,111115,shade,8,North,3,SN83,8/5/2021,Y
43,12:24:37,8747.5,1.07,0.196,381,5.54,2.41,2.4,1,4.42,30.79,30.26,30.11,410.33,408.99,20.387,22.552,38.82,42.95,600.6,50,1735,84.87,7.04,-0.525,1,111115,light,8,North,3,LN83,8/5/2021,Y
44,12:27:07,8897.5,4.95,0.176,344,4.94,2.39,2.4,1,4.42,29.43,30.08,28.16,410.5,407.72,20.365,22.294,41.92,45.89,600.6,100,1739,84.86,7.16,-0.494,1,111115,light,8,North,3,LN83,8/5/2021,Y
45,12:29:39,9048.5,8.35,0.167,308,4.63,2.35,2.4,1,4.42,28.54,29.87,26.98,410.49,406.4,20.368,22.177,44.15,48.07,600.6,201,1748,84.86,7.11,-0.486,0.7,111115,light,8,North,3,LN83,8/5/2021,Y
46,12:32:09,9199.5,10.3,0.169,289,4.7,2.36,2.4,1,4.42,28.09,29.94,26.4,410.51,405.62,20.379,22.215,45.32,49.41,600.7,399,1758,84.86,7.29,-0.482,1,111115,light,8,North,3,LN83,8/5/2021,Y
47,12:34:39,9349.5,11.9,0.172,274,4.93,2.43,2.4,1,4.42,28.05,30.27,26.33,410.28,404.72,20.455,22.379,45.61,49.9,600.6,599,1764,84.85,7.4,-0.485,1,111115,light,8,North,3,LN83,8/5/2021,Y
48,12:37:10,9500.5,13.6,0.183,265,5.37,2.5,2.4,1,4.42,28.05,30.61,26.32,410.43,404.15,20.498,22.596,45.71,50.39,600.6,899,1771,84.85,7.62,-0.481,1,111115,light,8,North,3,LN83,8/5/2021,Y
49,12:39:40,9650.5,13.2,0.185,268,5.67,2.61,2.4,1,4.42,28.12,31.07,26.37,410.32,404.12,20.446,22.658,45.38,50.29,600.7,1200,1785,84.84,7.82,-0.48,1,111115,light,8,North,3,LN83,8/5/2021,Y
50,12:42:10,9800.5,13.9,0.19,265,6.1,2.73,2.4,1,4.42,28.28,31.63,26.51,410.37,403.82,20.558,22.94,45.21,50.44,600.7,1500,1789,84.84,7.97,-0.479,1,111115,light,8,North,3,LN83,8/5/2021,Y
51,12:44:40,9950.5,14.1,0.193,263,6.66,2.93,2.4,1,4.42,28.51,32.46,26.7,410.27,403.55,20.628,23.228,44.77,50.41,600.7,2000,1800,84.84,7.95,-0.478,1,111115,light,8,North,3,LN83,8/5/2021,Y
52,12:50:35,10305.5,2.08,0.147,367,4.34,2.48,1.5,1,4.82,28.79,30.35,27.24,409.83,408.87,20.897,21.957,44.61,46.87,600.6,51,1672,84.82,8.5,-0.428,1,111115,light,6,North,1,LN61,8/5/2021,Y
53,12:53:04,10454.5,5.87,0.141,322,4.09,2.45,1.5,1,4.82,28.64,30.16,27.12,409.8,407.92,20.839,21.839,44.87,47.03,600.7,101,1673,84.82,8.31,-0.428,1,111115,light,6,North,1,LN61,8/5/2021,Y
54,12:55:39,10609.5,6.84,0.145,313,4.13,2.41,1.5,1,4.82,28.65,29.98,27.15,409.74,407.61,20.813,21.822,44.8,46.97,600.6,200,1668,84.82,8.71,-0.427,1,111115,light,6,North,1,LN61,8/5/2021,Y
55,12:58:07,10757.5,10.1,0.15,280,4.38,2.46,1.5,1,4.82,28.82,30.25,27.33,409.73,406.78,20.85,21.92,44.44,46.72,600.7,399,1663,84.81,8.55,-0.427,1,111115,light,6,North,1,LN61,8/5/2021,Y
56,13:00:35,10905.5,11.7,0.155,266,4.73,2.58,1.5,1,4.82,28.98,30.75,27.48,409.77,406.38,20.874,22.031,44.06,46.51,600.7,600,1663,84.81,8.74,-0.419,1,111115,light,6,North,1,LN61,8/5/2021,Y
57,13:03:04,11054.5,13.5,0.153,244,4.91,2.71,1.5,1,4.82,29.27,31.28,27.74,409.83,405.97,20.902,22.102,43.4,45.89,600.7,900,1652,84.81,8.83,-0.415,0.7,111115,light,6,North,1,LN61,8/5/2021,Y
58,13:05:33,11203.5,13,0.159,254,5.29,2.81,1.5,1,4.82,29.5,31.68,27.96,410.06,406.28,20.926,22.219,42.87,45.52,600.7,1199,1644,84.81,9.4,-0.424,1,111115,light,6,North,1,LN61,8/5/2021,Y
59,13:08:02,11352.5,13.6,0.163,250,5.71,2.94,1.5,1,4.82,29.82,32.24,28.24,409.9,405.92,20.978,22.372,42.2,45.01,600.7,1499,1631,84.81,9.45,-0.416,1,111115,light,6,North,1,LN61,8/5/2021,Y
60,13:10:32,11502.5,14.1,0.166,246,6.24,3.17,1.5,1,4.82,30.23,33.12,28.62,410.02,405.87,21.09,22.613,41.43,44.42,600.7,1999,1631,84.8,9.66,-0.401,1,111115,light,6,North,1,LN61,8/5/2021,Y
61,13:17:27,11917.5,2.21,0.121,360,3.4,2.37,2.6,1,4.33,28.9,30.16,27.31,409.28,407.72,21.347,22.787,45.28,48.33,599.8,51,133,84.8,8.88,-0.451,1,111115,shade,6,North,1,SN61,8/5/2021,Y
62,13:19:55,12065.5,4.89,0.0931,305,2.56,2.29,2.6,1,4.33,28.86,29.78,27.77,409.34,406.77,21.471,22.555,45.64,47.95,599.8,101,133,84.8,8.58,-0.444,1,111115,shade,6,North,1,SN61,8/5/2021,Y
63,13:22:23,12213.5,7.15,0.089,260,2.47,2.31,2.6,1,4.33,29.26,29.89,28.36,409.41,405.88,21.614,22.658,44.89,47.06,599.8,199,132,84.8,8.3,-0.471,0.7,111115,shade,6,North,1,SN61,8/5/2021,Y
64,13:24:51,12361.5,7.96,0.0943,253,2.61,2.31,2.6,1,4.33,28.91,29.92,27.97,409.14,405.23,21.705,22.809,46,48.34,599.8,401,130,84.79,8.08,-0.471,1,111115,shade,6,North,1,SN61,8/5/2021,Y
65,13:27:19,12509.5,8.84,0.1,247,2.75,2.29,2.6,1,4.33,28.53,29.9,27.58,409.92,405.61,21.789,22.954,47.21,49.74,599.8,600,132,84.79,7.47,-0.484,1,111115,shade,6,North,1,SN61,8/5/2021,Y
66,13:29:48,12658.5,9.66,0.111,248,3,2.27,2.6,1,4.33,27.86,29.89,26.79,409.88,405.17,21.887,23.159,49.31,52.18,599.8,900,131,84.78,7.35,-0.487,1,111115,shade,6,North,1,SN61,8/5/2021,Y
67,13:32:17,12807.5,10.4,0.122,252,3.3,2.26,2.6,1,4.33,27.1,29.92,25.81,409.68,404.61,21.954,23.349,51.69,54.98,599.8,1199,131,84.78,7.08,-0.493,1,111115,shade,6,North,1,SN61,8/5/2021,Y
68,13:34:47,12957.5,11.2,0.132,251,3.57,2.27,2.6,1,4.33,26.25,30,24.58,409.64,404.16,22.025,23.535,54.53,58.27,599.8,1499,130,84.78,6.86,-0.504,1,111115,shade,6,North,1,SN61,8/5/2021,Y
69,13:37:16,13106.5,11.3,0.145,260,4.12,2.39,2.6,1,4.33,25.92,30.63,24.19,409.41,403.79,22.144,23.886,55.89,60.28,599.7,2000,130,84.78,6.74,-0.515,1,111115,shade,6,North,1,SN61,8/5/2021,Y
